{"train/intra_loss": 2.2111384868621826, "train/inter_loss": 22.622089385986328, "train/dist_loss": 1.319584846496582, "train/lddt_loss": 3.3260319232940674, "train/violation_loss": 0.7349051833152771, "train/loss": 25.26236343383789, "epoch": 8, "trainer/global_step": 189899, "_timestamp": 1684520639, "_runtime": 52691, "_step": 3813, "val/intra_loss": 3.001044750213623, "val/inter_loss": 20.503646850585938, "val/dist_loss": 0.8839046955108643, "val/lddt_loss": 3.217632532119751, "val/violation_loss": 1.0400596857070923, "val/loss": 23.802040100097656, "train/intra_loss_epoch": 2.5250425338745117, "train/inter_loss_epoch": 25.323244094848633, "train/dist_loss_epoch": 0.8572971224784851, "train/lddt_loss_epoch": 3.1124651432037354, "train/violation_loss_epoch": 0.8940678238868713, "train/loss_epoch": 28.136571884155273}