{"train/intra_loss": 2.4014978408813477, "train/inter_loss": 26.473600387573242, "train/dist_loss": 0.6445621252059937, "train/lddt_loss": 2.923065185546875, "train/violation_loss": 0.6684445738792419, "train/loss": 29.097698211669922, "epoch": 7, "trainer/global_step": 182499, "_timestamp": 1684518508, "_runtime": 50560, "_step": 3663, "val/intra_loss": 2.0314877033233643, "val/inter_loss": 26.004207611083984, "val/dist_loss": 0.8715078830718994, "val/lddt_loss": 3.06239652633667, "val/violation_loss": 0.42986202239990234, "val/loss": 28.327777862548828, "train/intra_loss_epoch": 2.4961001873016357, "train/inter_loss_epoch": 26.14026641845703, "train/dist_loss_epoch": 0.8509832620620728, "train/lddt_loss_epoch": 3.081538438796997, "train/violation_loss_epoch": 0.8747311234474182, "train/loss_epoch": 28.922481536865234}