{"train/intra_loss": 1.9229469299316406, "train/inter_loss": 27.05027961730957, "train/dist_loss": 0.6109741926193237, "train/lddt_loss": 2.8310179710388184, "train/violation_loss": 0.5987112522125244, "train/loss": 29.184829711914062, "epoch": 7, "trainer/global_step": 183699, "_timestamp": 1684518829, "_runtime": 50881, "_step": 3687, "val/intra_loss": 2.0314877033233643, "val/inter_loss": 26.004207611083984, "val/dist_loss": 0.8715078830718994, "val/lddt_loss": 3.06239652633667, "val/violation_loss": 0.42986202239990234, "val/loss": 28.327777862548828, "train/intra_loss_epoch": 2.4961001873016357, "train/inter_loss_epoch": 26.14026641845703, "train/dist_loss_epoch": 0.8509832620620728, "train/lddt_loss_epoch": 3.081538438796997, "train/violation_loss_epoch": 0.8747311234474182, "train/loss_epoch": 28.922481536865234}