{"train/intra_loss": 2.045992612838745, "train/inter_loss": 6.117130279541016, "train/dist_loss": 1.4548593759536743, "train/lddt_loss": 3.0408647060394287, "train/violation_loss": 0.8815121650695801, "train/loss": 8.629989624023438, "epoch": 8, "trainer/global_step": 188999, "_timestamp": 1684520389, "_runtime": 52441, "_step": 3795, "val/intra_loss": 3.001044750213623, "val/inter_loss": 20.503646850585938, "val/dist_loss": 0.8839046955108643, "val/lddt_loss": 3.217632532119751, "val/violation_loss": 1.0400596857070923, "val/loss": 23.802040100097656, "train/intra_loss_epoch": 2.5250425338745117, "train/inter_loss_epoch": 25.323244094848633, "train/dist_loss_epoch": 0.8572971224784851, "train/lddt_loss_epoch": 3.1124651432037354, "train/violation_loss_epoch": 0.8940678238868713, "train/loss_epoch": 28.136571884155273}