{"train/intra_loss": 2.201646566390991, "train/inter_loss": 14.764653205871582, "train/dist_loss": 0.6497796177864075, "train/lddt_loss": 2.9272220134735107, "train/violation_loss": 0.7027264833450317, "train/loss": 17.19050407409668, "epoch": 8, "trainer/global_step": 188349, "_timestamp": 1684520213, "_runtime": 52265, "_step": 3782, "val/intra_loss": 3.001044750213623, "val/inter_loss": 20.503646850585938, "val/dist_loss": 0.8839046955108643, "val/lddt_loss": 3.217632532119751, "val/violation_loss": 1.0400596857070923, "val/loss": 23.802040100097656, "train/intra_loss_epoch": 2.5250425338745117, "train/inter_loss_epoch": 25.323244094848633, "train/dist_loss_epoch": 0.8572971224784851, "train/lddt_loss_epoch": 3.1124651432037354, "train/violation_loss_epoch": 0.8940678238868713, "train/loss_epoch": 28.136571884155273}