{"train/intra_loss": 2.658332109451294, "train/inter_loss": 12.342573165893555, "train/dist_loss": 1.2680416107177734, "train/lddt_loss": 3.1851842403411865, "train/violation_loss": 0.9897860884666443, "train/loss": 15.413168907165527, "epoch": 7, "trainer/global_step": 184599, "_timestamp": 1684519072, "_runtime": 51124, "_step": 3705, "val/intra_loss": 2.0314877033233643, "val/inter_loss": 26.004207611083984, "val/dist_loss": 0.8715078830718994, "val/lddt_loss": 3.06239652633667, "val/violation_loss": 0.42986202239990234, "val/loss": 28.327777862548828, "train/intra_loss_epoch": 2.4961001873016357, "train/inter_loss_epoch": 26.14026641845703, "train/dist_loss_epoch": 0.8509832620620728, "train/lddt_loss_epoch": 3.081538438796997, "train/violation_loss_epoch": 0.8747311234474182, "train/loss_epoch": 28.922481536865234}