{"train/intra_loss": 3.9306583404541016, "train/inter_loss": 11.21959114074707, "train/dist_loss": 0.7152972221374512, "train/lddt_loss": 3.207395553588867, "train/violation_loss": 1.3461201190948486, "train/loss": 15.396912574768066, "epoch": 8, "trainer/global_step": 189199, "_timestamp": 1684520442, "_runtime": 52494, "_step": 3799, "val/intra_loss": 3.001044750213623, "val/inter_loss": 20.503646850585938, "val/dist_loss": 0.8839046955108643, "val/lddt_loss": 3.217632532119751, "val/violation_loss": 1.0400596857070923, "val/loss": 23.802040100097656, "train/intra_loss_epoch": 2.5250425338745117, "train/inter_loss_epoch": 25.323244094848633, "train/dist_loss_epoch": 0.8572971224784851, "train/lddt_loss_epoch": 3.1124651432037354, "train/violation_loss_epoch": 0.8940678238868713, "train/loss_epoch": 28.136571884155273}