{"train/intra_loss": 4.45229959487915, "train/inter_loss": 26.03028678894043, "train/dist_loss": 1.0303568840026855, "train/lddt_loss": 3.5858187675476074, "train/violation_loss": 1.2412774562835693, "train/cum_loss": 4.79726505279541, "epoch": 0, "trainer/global_step": 23330, "_timestamp": 1684466612, "_runtime": 6572, "_step": 466, "val/intra_loss": 2.469383716583252, "val/inter_loss": 26.323331832885742, "val/dist_loss": 0.9248639941215515, "val/lddt_loss": 3.248554229736328, "val/violation_loss": 0.52970951795578, "val/cum_loss": 2.7793264389038086, "_wandb": {"runtime": 6572}}